New Name,Image Classification
Screenshot_1.png,Human Body
Screenshot_10.png,Human Body
Screenshot_100.png,Human Body
Screenshot_101.png,Human Body
Screenshot_102.png,Human Body
Screenshot_103.png,Human Body
Screenshot_104.png,Human Body
Screenshot_105.png,Human Body
Screenshot_106.png,Human Body
Screenshot_107.png,Human Body
Screenshot_108.png,Human Body
Screenshot_109.png,Human Body
Screenshot_11.png,Human Body
Screenshot_110.png,Human Body
Screenshot_111.png,Human Body
Screenshot_112.png,Human Body
Screenshot_113.png,Human Body
Screenshot_114.png,Human Body
Screenshot_12.png,Human Body
Screenshot_13.png,Human Body
Screenshot_14.png,Human Body
Screenshot_15.png,Human Body
Screenshot_16.png,Human Body
Screenshot_17.png,Human Body
Screenshot_18.png,Human Body
Screenshot_19.png,Human Body
Screenshot_2.png,Human Body
Screenshot_20.png,Human Body
Screenshot_21.png,Human Body
Screenshot_22.png,Human Body
Screenshot_23.png,Human Body
Screenshot_24.png,Human Body
Screenshot_25.png,Human Body
Screenshot_26.png,Human Body
Screenshot_27.png,Human Body
Screenshot_28.png,Human Body
Screenshot_29.png,Human Body
Screenshot_3.png,Human Body
Screenshot_30.png,Human Body
Screenshot_31.png,Human Body
Screenshot_32.png,Human Body
Screenshot_33.png,Human Body
Screenshot_34.png,Human Body
Screenshot_35.png,Human Body
Screenshot_36.png,Human Body
Screenshot_37.png,Human Body
Screenshot_38.png,Human Body
Screenshot_39.png,Human Body
Screenshot_4.png,Human Body
Screenshot_40.png,Human Body
Screenshot_41.png,Human Body
Screenshot_42.png,Human Body
Screenshot_43.png,Human Body
Screenshot_44.png,Human Body
Screenshot_45.png,Human Body
Screenshot_46.png,Human Body
Screenshot_47.png,Human Body
Screenshot_48.png,Human Body
Screenshot_49.png,Human Body
Screenshot_5.png,Human Body
Screenshot_50.png,Human Body
Screenshot_51.png,Human Body
Screenshot_52.png,Human Body
Screenshot_53.png,Human Body
Screenshot_54.png,Human Body
Screenshot_55.png,Human Body
Screenshot_56.png,Human Body
Screenshot_57.png,Human Body
Screenshot_58.png,Not Human Body
Screenshot_59.png,Human Body
Screenshot_6.png,Human Body
Screenshot_60.png,Human Body
Screenshot_61.png,Human Body
Screenshot_62.png,Human Body
Screenshot_63.png,Human Body
Screenshot_64.png,Human Body
Screenshot_65.png,Human Body
Screenshot_66.png,Human Body
Screenshot_67.png,Human Body
Screenshot_68.png,Human Body
Screenshot_69.png,Human Body
Screenshot_7.png,Human Body
Screenshot_70.png,Human Body
Screenshot_71.png,Human Body
Screenshot_72.png,Human Body
Screenshot_73.png,Human Body
Screenshot_74.png,Human Body
Screenshot_75.png,Human Body
Screenshot_76.png,Human Body
Screenshot_77.png,Human Body
Screenshot_78.png,Human Body
Screenshot_79.png,Human Body
Screenshot_8.png,Human Body
Screenshot_80.png,Human Body
Screenshot_81.png,Human Body
Screenshot_82.png,Human Body
Screenshot_83.png,Human Body
Screenshot_84.png,Human Body
Screenshot_85.png,Human Body
Screenshot_86.png,Human Body
Screenshot_87.png,Human Body
Screenshot_88.png,Human Body
Screenshot_89.png,Human Body
Screenshot_9.png,Human Body
Screenshot_90.png,Human Body
Screenshot_91.png,Human Body
Screenshot_92.png,Human Body
Screenshot_93.png,Human Body
Screenshot_94.png,Human Body
Screenshot_95.png,Human Body
Screenshot_96.png,Human Body
Screenshot_97.png,Human Body
Screenshot_98.png,Human Body
Screenshot_99.png,Human Body
Screenshot_115.png,Not Human Body
Screenshot_116.png,Not Human Body
Screenshot_117.png,Not Human Body
Screenshot_118.png,Not Human Body
Screenshot_119.png,Not Human Body
Screenshot_120.png,Not Human Body
Screenshot_121.png,Not Human Body
Screenshot_122.png,Not Human Body
Screenshot_123.png,Not Human Body
Screenshot_124.png,Not Human Body
Screenshot_125.png,Not Human Body
Screenshot_126.png,Not Human Body
Screenshot_127.png,Not Human Body
Screenshot_128.png,Not Human Body
Screenshot_129.png,Not Human Body
Screenshot_130.png,Not Human Body
Screenshot_131.png,Not Human Body
Screenshot_132.png,Not Human Body
Screenshot_133.png,Not Human Body
Screenshot_134.png,Not Human Body
Screenshot_135.png,Not Human Body
Screenshot_136.png,Not Human Body
Screenshot_137.png,Not Human Body
Screenshot_138.png,Not Human Body
Screenshot_139.png,Not Human Body
Screenshot_140.png,Not Human Body
Screenshot_141.png,Not Human Body
Screenshot_142.png,Not Human Body
Screenshot_143.png,Not Human Body
Screenshot_144.png,Not Human Body
Screenshot_145.png,Not Human Body
Screenshot_146.png,Not Human Body
Screenshot_147.png,Not Human Body
Screenshot_148.png,Not Human Body
Screenshot_149.png,Not Human Body
Screenshot_150.png,Not Human Body
Screenshot_151.png,Not Human Body
Screenshot_152.png,Not Human Body
Screenshot_153.png,Not Human Body
Screenshot_154.png,Not Human Body
Screenshot_155.png,Not Human Body
Screenshot_156.png,Not Human Body
Screenshot_157.png,Not Human Body
Screenshot_158.png,Not Human Body
Screenshot_159.png,Not Human Body
Screenshot_160.png,Not Human Body
Screenshot_161.png,Not Human Body
Screenshot_162.png,Not Human Body
Screenshot_163.png,Not Human Body
Screenshot_164.png,Not Human Body
Screenshot_165.png,Not Human Body
Screenshot_166.png,Not Human Body
Screenshot_167.png,Not Human Body
Screenshot_168.png,Not Human Body
Screenshot_169.png,Not Human Body
Screenshot_170.png,Not Human Body
Screenshot_171.png,Not Human Body
Screenshot_172.png,Not Human Body
Screenshot_173.png,Not Human Body
Screenshot_174.png,Not Human Body
Screenshot_175.png,Not Human Body
Screenshot_176.png,Not Human Body
Screenshot_177.png,Not Human Body
Screenshot_178.png,Not Human Body
Screenshot_179.png,Not Human Body
Screenshot_180.png,Not Human Body
Screenshot_181.png,Not Human Body
Screenshot_182.png,Not Human Body
Screenshot_183.png,Not Human Body
Screenshot_184.png,Not Human Body
Screenshot_185.png,Not Human Body
Screenshot_186.png,Not Human Body
Screenshot_187.png,Not Human Body
Screenshot_188.png,Not Human Body
Screenshot_189.png,Not Human Body
Screenshot_190.png,Not Human Body
Screenshot_191.png,Not Human Body
Screenshot_192.png,Not Human Body
Screenshot_193.png,Not Human Body
Screenshot_194.png,Not Human Body
Screenshot_195.png,Not Human Body
Screenshot_196.png,Not Human Body
Screenshot_197.png,Not Human Body
Screenshot_198.png,Not Human Body
Screenshot_199.png,Not Human Body
Screenshot_200.png,Not Human Body
Screenshot_201.png,Not Human Body
Screenshot_202.png,Not Human Body
Screenshot_203.png,Not Human Body
Screenshot_204.png,Not Human Body
Screenshot_205.png,Not Human Body
Screenshot_206.png,Not Human Body
Screenshot_207.png,Not Human Body
Screenshot_208.png,Not Human Body
Screenshot_209.png,Not Human Body
Screenshot_210.png,Not Human Body
Screenshot_211.png,Not Human Body
Screenshot_212.png,Human Body
Screenshot_213.png,Human Body
Screenshot_214.png,Human Body
Screenshot_215.png,Human Body
Screenshot_216.png,Human Body
Screenshot_217.png,Human Body
Screenshot_218.png,Human Body
Screenshot_219.png,Human Body
Screenshot_220.png,Human Body
Screenshot_221.png,Human Body
Screenshot_222.png,Human Body
Screenshot_223.png,Human Body
Screenshot_224.png,Human Body
Screenshot_225.png,Human Body
Screenshot_226.png,Human Body
Screenshot_227.png,Human Body
Screenshot_228.png,Human Body
Screenshot_229.png,Human Body
Screenshot_230.png,Human Body
Screenshot_231.png,Human Body
Screenshot_232.png,Human Body
Screenshot_233.png,Human Body
Screenshot_234.png,Human Body
Screenshot_235.png,Human Body
Screenshot_236.png,Human Body
Screenshot_237.png,Human Body
Screenshot_238.png,Human Body
Screenshot_239.png,Human Body
Screenshot_240.png,Human Body
Screenshot_241.png,Human Body
Screenshot_242.png,Human Body
Screenshot_243.png,Human Body
Screenshot_244.png,Human Body
Screenshot_245.png,Human Body
Screenshot_246.png,Human Body
Screenshot_247.png,Human Body
Screenshot_248.png,Human Body
Screenshot_249.png,Human Body
Screenshot_250.png,Human Body
Screenshot_251.png,Human Body
Screenshot_252.png,Human Body
Screenshot_253.png,Human Body
Screenshot_254.png,Human Body
Screenshot_255.png,Human Body
Screenshot_256.png,Human Body
Screenshot_257.png,Human Body
Screenshot_258.png,Human Body
Screenshot_259.png,Human Body
Screenshot_260.png,Human Body
Screenshot_261.png,Human Body
Screenshot_262.png,Human Body
Screenshot_263.png,Human Body
Screenshot_264.png,Human Body
Screenshot_265.png,Human Body
Screenshot_266.png,Human Body
Screenshot_267.png,Human Body
Screenshot_268.png,Human Body
Screenshot_269.png,Human Body
Screenshot_270.png,Human Body
Screenshot_271.png,Human Body
Screenshot_272.png,Human Body
Screenshot_273.png,Human Body
Screenshot_274.png,Human Body
Screenshot_275.png,Human Body
Screenshot_276.png,Human Body
Screenshot_277.png,Human Body
Screenshot_278.png,Human Body
Screenshot_279.png,Human Body
Screenshot_280.png,Human Body
Screenshot_281.png,Human Body
Screenshot_282.png,Human Body
Screenshot_283.png,Human Body
Screenshot_284.png,Human Body
Screenshot_285.png,Human Body
Screenshot_286.png,Human Body
Screenshot_287.png,Human Body
Screenshot_288.png,Human Body
Screenshot_289.png,Human Body
Screenshot_290.png,Human Body
Screenshot_291.png,Human Body
Screenshot_292.png,Human Body
Screenshot_293.png,Human Body
Screenshot_294.png,Human Body
Screenshot_295.png,Human Body
Screenshot_296.png,Human Body
Screenshot_297.png,Human Body
Screenshot_298.png,Human Body
Screenshot_299.png,Human Body
Screenshot_300.png,Human Body
Screenshot_301.png,Human Body
Screenshot_302.png,Human Body
Screenshot_303.png,Human Body
Screenshot_304.png,Human Body
Screenshot_305.png,Human Body
Screenshot_306.png,Human Body
Screenshot_307.png,Human Body
Screenshot_308.png,Human Body
Screenshot_309.png,Human Body
Screenshot_310.png,Human Body
Screenshot_311.png,Human Body
Screenshot_312.png,Human Body
Screenshot_313.png,Human Body
Screenshot_314.png,Human Body
Screenshot_315.png,Human Body
Screenshot_316.png,Human Body
Screenshot_317.png,Human Body
Screenshot_318.png,Human Body
Screenshot_319.png,Human Body
Screenshot_320.png,Human Body
Screenshot_321.png,Human Body
Screenshot_322.png,Human Body
Screenshot_323.png,Human Body
Screenshot_324.png,Human Body
Screenshot_325.png,Human Body
Screenshot_326.png,Human Body
Screenshot_327.png,Human Body
Screenshot_328.png,Human Body
Screenshot_329.png,Human Body
Screenshot_330.png,Human Body
Screenshot_331.png,Human Body
Screenshot_332.png,Human Body
Screenshot_333.png,Not Human Body
Screenshot_334.png,Not Human Body
Screenshot_335.png,Not Human Body
Screenshot_336.png,Not Human Body
Screenshot_337.png,Not Human Body
Screenshot_338.png,Not Human Body
Screenshot_339.png,Not Human Body
Screenshot_340.png,Not Human Body
Screenshot_341.png,Human Body
Screenshot_342.png,Human Body
Screenshot_343.png,Human Body
Screenshot_344.png,Human Body
Screenshot_345.png,Human Body
Screenshot_346.png,Human Body
Screenshot_347.png,Human Body
Screenshot_348.png,Human Body
Screenshot_349.png,Human Body
Screenshot_350.png,Human Body
Screenshot_351.png,Human Body
Screenshot_352.png,Human Body
Screenshot_353.png,Human Body
Screenshot_354.png,Human Body
Screenshot_355.png,Human Body
Screenshot_356.png,Human Body
Screenshot_357.png,Human Body
Screenshot_358.png,Human Body
Screenshot_359.png,Human Body
Screenshot_360.png,Human Body
Screenshot_361.png,Human Body
Screenshot_362.png,Human Body
Screenshot_363.png,Human Body
Screenshot_364.png,Human Body
Screenshot_365.png,Human Body
Screenshot_366.png,Human Body
Screenshot_367.png,Human Body
Screenshot_368.png,Human Body
Screenshot_369.png,Human Body
Screenshot_370.png,Human Body
Screenshot_371.png,Human Body
Screenshot_372.png,Human Body
Screenshot_373.png,Human Body
Screenshot_374.png,Human Body
Screenshot_375.png,Human Body
Screenshot_376.png,Human Body
Screenshot_377.png,Human Body
Screenshot_378.png,Human Body
Screenshot_379.png,Human Body
Screenshot_380.png,Human Body
Screenshot_381.png,Human Body
Screenshot_382.png,Human Body
Screenshot_383.png,Human Body
Screenshot_384.png,Human Body
Screenshot_385.png,Human Body
Screenshot_386.png,Human Body
Screenshot_387.png,Human Body
Screenshot_388.png,Human Body
Screenshot_389.png,Human Body
Screenshot_390.png,Human Body
Screenshot_391.png,Human Body
Screenshot_392.png,Human Body
Screenshot_393.png,Human Body
Screenshot_394.png,Human Body
Screenshot_395.png,Human Body
Screenshot_396.png,Human Body
Screenshot_397.png,Human Body
Screenshot_398.png,Human Body
Screenshot_399.png,Human Body
Screenshot_400.png,Human Body
Screenshot_401.png,Human Body
Screenshot_402.png,Human Body
Screenshot_403.png,Human Body
Screenshot_404.png,Human Body
Screenshot_405.png,Human Body
Screenshot_406.png,Human Body
Screenshot_407.png,Human Body
Screenshot_408.png,Human Body
Screenshot_409.png,Human Body
Screenshot_410.png,Human Body
Screenshot_411.png,Human Body
Screenshot_412.png,Human Body
Screenshot_413.png,Human Body
Screenshot_414.png,Human Body
Screenshot_415.png,Human Body
Screenshot_416.png,Human Body
Screenshot_417.png,Human Body
Screenshot_418.png,Human Body
Screenshot_419.png,Human Body
Screenshot_420.png,Human Body
Screenshot_421.png,Human Body
Screenshot_422.png,Human Body
Screenshot_423.png,Human Body
Screenshot_424.png,Human Body
Screenshot_425.png,Human Body
Screenshot_426.png,Human Body
Screenshot_427.png,Human Body
Screenshot_428.png,Human Body
Screenshot_429.png,Human Body
Screenshot_430.png,Human Body
Screenshot_431.png,Human Body
Screenshot_432.png,Human Body
Screenshot_433.png,Human Body
Screenshot_434.png,Human Body
Screenshot_435.png,Human Body
Screenshot_436.png,Human Body
Screenshot_437.png,Human Body
Screenshot_438.png,Human Body
Screenshot_439.png,Human Body
Screenshot_440.png,Human Body
Screenshot_441.png,Human Body
Screenshot_442.png,Human Body
Screenshot_443.png,Human Body
Screenshot_444.png,Human Body
Screenshot_445.png,Human Body
Screenshot_446.png,Human Body
Screenshot_447.png,Human Body
Screenshot_448.png,Human Body
Screenshot_449.png,Human Body
Screenshot_450.png,Human Body
Screenshot_451.png,Human Body
Screenshot_452.png,Human Body
Screenshot_453.png,Human Body
Screenshot_454.png,Human Body
Screenshot_455.png,Human Body
Screenshot_456.png,Human Body
Screenshot_457.png,Human Body
Screenshot_458.png,Human Body
Screenshot_459.png,Human Body
Screenshot_460.png,Human Body
Screenshot_461.png,Human Body
Screenshot_462.png,Human Body
Screenshot_463.png,Human Body
Screenshot_464.png,Human Body
Screenshot_465.png,Human Body
Screenshot_466.png,Human Body
Screenshot_467.png,Human Body
Screenshot_468.png,Human Body
Screenshot_469.png,Human Body
Screenshot_470.png,Human Body
Screenshot_471.png,Human Body
Screenshot_472.png,Human Body
Screenshot_473.png,Human Body
Screenshot_474.png,Human Body
Screenshot_475.png,Human Body
Screenshot_476.png,Human Body
Screenshot_477.png,Human Body
Screenshot_478.png,Human Body
Screenshot_479.png,Human Body
Screenshot_480.png,Human Body
Screenshot_481.png,Human Body
Screenshot_482.png,Human Body
Screenshot_483.png,Human Body
Screenshot_484.png,Human Body
Screenshot_485.png,Human Body
Screenshot_486.png,Human Body
Screenshot_487.png,Human Body
Screenshot_488.png,Human Body
Screenshot_489.png,Human Body
Screenshot_490.png,Human Body
Screenshot_491.png,Human Body
Screenshot_492.png,Human Body
Screenshot_493.png,Human Body
Screenshot_494.png,Human Body
Screenshot_495.png,Human Body
Screenshot_496.png,Human Body
Screenshot_497.png,Human Body
Screenshot_498.png,Human Body
Screenshot_499.png,Human Body
Screenshot_500.png,Human Body
Screenshot_501.png,Human Body
Screenshot_502.png,Human Body
Screenshot_503.png,Human Body
Screenshot_504.png,Human Body
Screenshot_505.png,Human Body
Screenshot_506.png,Human Body
Screenshot_507.png,Human Body
Screenshot_508.png,Human Body
Screenshot_509.png,Human Body
Screenshot_510.png,Human Body
Screenshot_511.png,Human Body
Screenshot_512.png,Human Body
Screenshot_513.png,Human Body
Screenshot_514.png,Human Body
Screenshot_515.png,Human Body
Screenshot_516.png,Human Body
Screenshot_517.png,Human Body
Screenshot_518.png,Human Body
Screenshot_519.png,Human Body
Screenshot_520.png,Human Body
Screenshot_521.png,Human Body
Screenshot_522.png,Human Body
Screenshot_523.png,Human Body
Screenshot_524.png,Human Body
Screenshot_525.png,Human Body
Screenshot_526.png,Human Body
Screenshot_527.png,Human Body
Screenshot_528.png,Human Body
Screenshot_529.png,Human Body
Screenshot_530.png,Human Body
Screenshot_531.png,Human Body
Screenshot_532.png,Human Body
Screenshot_533.png,Human Body
Screenshot_534.png,Human Body
Screenshot_535.png,Human Body
Screenshot_536.png,Human Body
Screenshot_537.png,Human Body
Screenshot_538.png,Human Body
Screenshot_539.png,Human Body
Screenshot_540.png,Human Body
Screenshot_541.png,Human Body
Screenshot_542.png,Human Body
Screenshot_543.png,Human Body
Screenshot_544.png,Human Body
Screenshot_545.png,Human Body
Screenshot_546.png,Human Body
Screenshot_547.png,Human Body
Screenshot_548.png,Human Body
Screenshot_549.png,Human Body
Screenshot_550.png,Human Body
Screenshot_551.png,Human Body
Screenshot_552.png,Human Body
Screenshot_553.png,Human Body
Screenshot_554.png,Human Body
Screenshot_555.png,Human Body
Screenshot_556.png,Human Body
Screenshot_557.png,Human Body
Screenshot_558.png,Human Body
Screenshot_559.png,Human Body
Screenshot_560.png,Human Body
Screenshot_561.png,Human Body
Screenshot_562.png,Human Body
Screenshot_563.png,Human Body
Screenshot_564.png,Human Body
Screenshot_565.png,Human Body
Screenshot_566.png,Human Body
Screenshot_567.png,Human Body
Screenshot_568.png,Human Body
Screenshot_569.png,Human Body
